stroke_number,start_time,peak_time,end_time,duration,frequency_hz,stroke_rate_spm,rms,peak_to_peak,peak_magnitude
1,10.43333333659375,12.10000000378125,12.933333337375,2.5000000007812506,0.3999999998749999,23.999999992499994,1.7321707918190814,8.255711116887987,5.194885343830561
2,12.933333337375,13.76666667096875,14.66666667125,1.7333333338750005,0.5769230767427883,34.615384604567296,3.2044494841068207,11.892212009867205,7.201549265468806
3,14.66666667125,15.56666667153125,16.56666667184375,1.9000000005937476,0.5263157893092112,31.57894735855267,3.0095669490779375,11.952578813661855,7.6787603493573435
4,16.56666667184375,17.6000000055,18.63333333915625,2.0666666673125,0.4838709675907258,29.03225805544355,2.888183419769248,12.074731866910707,8.435794614514705
5,18.63333333915625,19.70000000615625,20.7333333398125,2.1000000006562516,0.4761904760416663,28.571428562499978,2.8461597231973603,11.678577217121674,7.543000368174907
6,20.7333333398125,21.76666667346875,22.800000007125,2.0666666673125,0.4838709675907258,29.03225805544355,2.5570331668235484,10.221689210323174,6.287283516826855
7,22.800000007125,23.866666674125,24.933333341125,2.1333333339999996,0.46874999985351573,28.12499999121094,2.6369846494240683,10.036371652080302,5.861403680450489
8,24.933333341125,26.000000008125,27.03333334178125,2.1000000006562516,0.4761904760416663,28.571428562499978,2.4895548150016755,10.160458162258614,6.282669415446023
9,27.03333334178125,28.0666666754375,29.0000000090625,1.966666667281249,0.5084745761122884,30.508474566737306,3.025367717045046,11.395733789670834,7.785907191184688
10,29.0000000090625,29.9333333426875,30.933333343,1.933333333937501,0.5172413791487066,31.0344827489224,2.9711418695110896,12.203093842094976,8.205139616230495
11,30.933333343,31.9333333433125,32.96666667696875,2.0333333339687485,0.4918032785348364,29.508196712090186,2.9822759173481255,12.141152794839964,8.219483149366555
12,32.96666667696875,34.000000010625,34.96666667759375,2.0000000006250005,0.4999999998437499,29.999999990624993,2.8843393550896406,12.117035550193059,7.568334320107203
13,34.96666667759375,35.96666667790625,36.933333344875,1.9666666672812525,0.5084745761122875,30.50847456673725,2.7820453285131173,10.75220765780133,6.518800325533825
14,36.933333344875,37.9333333451875,38.9333333455,2.0000000006250005,0.4999999998437499,29.999999990624993,2.8063483260086257,10.553676245000652,6.586226312573381
15,38.9333333455,39.96666667915625,40.96666667946875,2.0333333339687485,0.4918032785348364,29.508196712090186,2.5877469504143256,10.356808333298385,6.297433363418518
16,40.96666667946875,41.96666667978125,42.93333334675,1.9666666672812454,0.5084745761122893,30.50847456673736,3.114674148059125,12.29371037197587,8.362475219464839
17,42.93333334675,43.9333333470625,44.96666668071875,2.0333333339687556,0.4918032785348347,29.508196712090083,3.072110548872174,12.814778176647717,8.898383588152445
18,44.96666668071875,46.000000014375,47.03333334803125,2.0666666673124965,0.4838709675907266,29.0322580554436,3.0517234860270155,13.070451762122547,9.186090819562235
19,47.03333334803125,48.10000001503125,49.066666682,2.0333333339687485,0.4918032785348364,29.508196712090186,2.771679387805933,11.553883784799444,7.153123953060367
20,49.066666682,50.03333334896875,51.03333334928125,1.9666666672812525,0.5084745761122875,30.50847456673725,2.6826279625937555,10.493594769188118,6.508665864509693
21,51.03333334928125,52.03333334959375,53.0000000165625,1.9666666672812525,0.5084745761122875,30.50847456673725,2.879811751997633,11.363700348327278,7.351217902055817
22,53.0000000165625,54.000000016875,55.03333335053125,2.0333333339687485,0.4918032785348364,29.508196712090186,2.803309454711879,11.889732066753208,7.598418464235155
23,55.03333335053125,56.0666666841875,57.03333335115625,2.0000000006250005,0.4999999998437499,29.999999990624993,2.9827349062193624,11.663731055730217,7.551597034614136
24,57.03333335115625,58.03333335146875,59.03333335178125,2.0000000006250005,0.4999999998437499,29.999999990624993,3.0287598714029866,11.930132778500102,8.0482385575982
25,59.03333335178125,60.0666666854375,61.1333333524375,2.1000000006562516,0.4761904760416663,28.571428562499978,3.1073190748185033,12.562547348569773,8.693017779757046
26,61.1333333524375,62.2000000194375,63.03333335303125,1.9000000005937494,0.5263157893092107,31.578947358552643,2.013370650907439,4.9935551604458,4.349425061060103
27,63.03333335303125,63.90000001996875,65.10000002034376,2.0666666673125036,0.48387096759072495,29.0322580554435,1.6303585784543944,6.875355201943539,4.720517149942664
28,65.10000002034376,66.3333333540625,67.333333354375,2.2333333340312436,0.4477611938899267,26.8656716333956,2.8443027342949825,11.080689836209263,7.275551866935669
29,67.333333354375,68.3333333546875,69.36666668834376,2.0333333339687556,0.4918032785348347,29.508196712090083,2.969692297789349,12.618697476283831,8.633288333742904
30,69.36666668834376,70.43333335534375,71.50000002234376,2.1333333339999996,0.46874999985351573,28.12499999121094,2.8840953109555585,12.068861037781758,8.27160023758628
31,71.50000002234376,72.56666668934375,73.5333333563125,2.0333333339687414,0.49180327853483813,29.50819671209029,2.7667368983753673,11.55610096609526,7.588524024655733
32,73.5333333563125,74.50000002328125,75.50000002359376,1.9666666672812596,0.5084745761122856,30.50847456673714,2.9032126985944218,11.481855119191874,7.528932828041094
33,75.50000002359376,76.50000002390625,77.5333333575625,2.0333333339687414,0.49180327853483813,29.50819671209029,2.9409505821420803,11.150898257571782,6.967164384142476
34,77.5333333575625,78.56666669121876,79.63333335821875,2.1000000006562516,0.4761904760416663,28.571428562499978,2.740684385798412,10.994799064121665,6.944756474240594
35,79.63333335821875,80.70000002521876,81.76666669221875,2.1333333339999996,0.46874999985351573,28.12499999121094,2.859065118938487,11.911416063294734,8.125318097585392
36,81.76666669221875,82.8666666925625,83.83333335953125,2.0666666673125036,0.48387096759072495,29.0322580554435,3.065033359198865,11.891438672832212,8.217821702455089
37,83.83333335953125,84.8000000265,85.83333336015625,2.0000000006249934,0.49999999984375165,29.9999999906251,3.0877945075673563,12.102921174310179,8.394314812979799
38,85.83333336015625,86.90000002715625,87.866666694125,2.0333333339687556,0.4918032785348347,29.508196712090083,3.0299444122991694,11.750951743444787,7.534804341452739
39,87.866666694125,88.8666666944375,89.86666669475,2.0000000006249934,0.49999999984375165,29.9999999906251,2.7617687225152214,10.61390134762891,6.810686514092183
40,89.86666669475,90.90000002840625,91.90000002871875,2.0333333339687556,0.4918032785348347,29.508196712090083,2.805596172347176,11.193347433679673,7.097624408259941
41,91.90000002871875,92.933333362375,94.000000029375,2.1000000006562516,0.4761904760416663,28.571428562499978,2.6835540201937285,10.677299747456463,6.797238422747307
42,94.000000029375,95.066666696375,96.10000003003125,2.1000000006562516,0.4761904760416663,28.571428562499978,3.1461531073706666,12.712984358229615,8.567426301260324
43,96.10000003003125,97.1333333636875,98.2000000306875,2.1000000006562516,0.4761904760416663,28.571428562499978,2.989153695475502,11.75410601139005,8.088435210456572
44,98.2000000306875,99.2666666976875,100.30000003134376,2.1000000006562516,0.4761904760416663,28.571428562499978,2.8098069469363405,11.067336478473555,8.263539154183325
45,100.30000003134376,101.333333365,102.30000003196875,2.0000000006249934,0.49999999984375165,29.9999999906251,2.7760499234442397,11.426380559377657,7.3925212503987385
46,102.30000003196875,103.30000003228125,104.3333333659375,2.0333333339687556,0.4918032785348347,29.508196712090083,2.7567144605450027,10.458368091947271,6.382021240363189
47,104.3333333659375,105.4000000329375,106.43333336659374,2.1000000006562374,0.47619047604166953,28.57142856250017,2.6628365298299137,10.192841570522488,6.150272486720288
48,106.43333336659374,107.46666670025,108.50000003390625,2.0666666673125036,0.48387096759072495,29.0322580554435,2.806525717017489,11.24916090499982,7.351407378354619
49,108.50000003390625,109.5333333675625,110.6000000345625,2.1000000006562516,0.4761904760416663,28.571428562499978,3.10559635774231,12.652849882201949,8.892103326649723
50,110.6000000345625,111.70000003490625,112.80000003525,2.2000000006874956,0.45454545440341,27.2727272642046,2.957832235402893,12.31363509972643,8.66975764513871
51,112.80000003525,113.90000003559375,116.0666667029375,3.2666666676875025,0.30612244888392837,18.3673469330357,2.222805618187313,11.683655769079229,8.525236014826213
