participant,file,labeled_start_s,labeled_end_s
0,Freestyle_1527873200322.csv,0.0,130.0
1,Freestyle_1527676714707.csv,0.0,130.0
2,Freestyle_1527072298681.csv,0.0,130.0
4,Freestyle_1526810816300.csv,0.0,124.2
4,Freestyle_1526810977061.csv,0.0,130.0
8,Freestyle_1527071330260.csv,0.00,130.00
6,Freestyle_1527268862333.csv,0.00,130.00
9,Freestyle_1527070549365.csv,0.00,130.00
11,Freestyle_1526814573646.csv,0.00,60.47
12,Freestyle_1527592069231.csv,0.00,130.00
13,Freestyle_1531758722314.csv,0.00,130.00
15,Freestyle_1526815397592.csv,0.00,130.00
18,Freestyle_1531218713767.csv,0.00,130.00
20,Freestyle_1526898327587.csv,0.00,56.40
22,Freestyle_1526815274704.csv,0.00,66.50
26,Freestyle_1527875324844.csv,0.00,130.00
29,Freestyle_1526813416214.csv,0.00,130.00
30,Freestyle_1526900456490.csv,0.00,112.53
31,Freestyle_1532427246306.csv,0.00,130.00
32,Freestyle_1526985057870.csv,0.00,130.00
35,Freestyle_1526985361628.csv,0.00,130.00
37,Freestyle_1527503150306.csv,0.00,130.00
39,Freestyle_1526984965062.csv,0.00,130.00
7,Freestyle_1527679104993.csv,0.00,130.00
19,Freestyle_1532514223293.csv,0.00,130.00
27,Freestyle_1527158835425.csv,0.00,130.00
34,Freestyle_1527935243889.csv,0.00,130.00
14,Freestyle_1526985344400.csv,0.00,130.00
28,Freestyle_1527267722920.csv,0.00,122.80
33,Freestyle_1526813819256.csv,0.00,130.00
38,Freestyle_1526901159622.csv,0.00,130.00