participant,split,file,duration_s,label_start_s,label_end_s,status,selection_reason,html_file
0,train,Freestyle_1527873200322.csv,131.8,0.0,130.0,done,existing manual labels,/Users/arushi/Swimming IMU Research/Code/outputs/labeling_queue/participant_0_Freestyle_1527873200322_0_to_130s.html
1,train,Freestyle_1527676714707.csv,1454.7,0.0,130.0,done,existing manual labels,/Users/arushi/Swimming IMU Research/Code/outputs/labeling_queue/participant_1_Freestyle_1527676714707_0_to_130s.html
2,train,Freestyle_1527072298681.csv,257.1,0.0,130.0,done,existing manual labels,/Users/arushi/Swimming IMU Research/Code/outputs/labeling_queue/participant_2_Freestyle_1527072298681_0_to_130s.html
4,train,Freestyle_1526810977061.csv,717.13,0.0,130.0,done,existing manual labels,/Users/arushi/Swimming IMU Research/Code/outputs/labeling_queue/participant_4_Freestyle_1526810977061_0_to_130s.html
6,train,Freestyle_1527268862333.csv,729.83,0.0,130.0,done,existing manual labels,/Users/arushi/Swimming IMU Research/Code/outputs/labeling_queue/participant_6_Freestyle_1527268862333_0_to_130s.html
8,train,Freestyle_1527071330260.csv,827.1,0.0,130.0,done,existing manual labels,/Users/arushi/Swimming IMU Research/Code/outputs/labeling_queue/participant_8_Freestyle_1527071330260_0_to_130s.html
9,train,Freestyle_1527070549365.csv,685.4,0.0,130.0,done,existing manual labels,/Users/arushi/Swimming IMU Research/Code/outputs/labeling_queue/participant_9_Freestyle_1527070549365_0_to_130s.html
11,train,Freestyle_1526814573646.csv,60.47,0.0,60.47,done,existing manual labels,/Users/arushi/Swimming IMU Research/Code/outputs/labeling_queue/participant_11_Freestyle_1526814573646_0_to_60s.html
12,train,Freestyle_1527592069231.csv,680.83,0.0,130.0,done,existing manual labels,/Users/arushi/Swimming IMU Research/Code/outputs/labeling_queue/participant_12_Freestyle_1527592069231_0_to_130s.html
13,train,Freestyle_1531758722314.csv,322.63,0.0,130.0,done,existing manual labels,/Users/arushi/Swimming IMU Research/Code/outputs/labeling_queue/participant_13_Freestyle_1531758722314_0_to_130s.html
15,train,Freestyle_1526815397592.csv,287.07,0.0,130.0,done,existing manual labels,/Users/arushi/Swimming IMU Research/Code/outputs/labeling_queue/participant_15_Freestyle_1526815397592_0_to_130s.html
18,train,Freestyle_1531218713767.csv,344.67,0.0,130.0,done,existing manual labels,/Users/arushi/Swimming IMU Research/Code/outputs/labeling_queue/participant_18_Freestyle_1531218713767_0_to_130s.html
20,train,Freestyle_1526898327587.csv,56.4,0.0,56.4,done,existing manual labels,/Users/arushi/Swimming IMU Research/Code/outputs/labeling_queue/participant_20_Freestyle_1526898327587_0_to_56s.html
22,train,Freestyle_1526815274704.csv,66.5,0.0,66.5,done,existing manual labels,/Users/arushi/Swimming IMU Research/Code/outputs/labeling_queue/participant_22_Freestyle_1526815274704_0_to_66s.html
26,train,Freestyle_1527875324844.csv,533.63,0.0,130.0,done,existing manual labels,/Users/arushi/Swimming IMU Research/Code/outputs/labeling_queue/participant_26_Freestyle_1527875324844_0_to_130s.html
29,train,Freestyle_1526813416214.csv,183.6,0.0,130.0,done,existing manual labels,/Users/arushi/Swimming IMU Research/Code/outputs/labeling_queue/participant_29_Freestyle_1526813416214_0_to_130s.html
30,train,Freestyle_1526900456490.csv,112.53,0.0,112.53,done,existing manual labels,/Users/arushi/Swimming IMU Research/Code/outputs/labeling_queue/participant_30_Freestyle_1526900456490_0_to_113s.html
31,train,Freestyle_1532427246306.csv,1242.73,0.0,130.0,done,existing manual labels,/Users/arushi/Swimming IMU Research/Code/outputs/labeling_queue/participant_31_Freestyle_1532427246306_0_to_130s.html
32,train,Freestyle_1526985057870.csv,204.57,0.0,130.0,done,existing manual labels,/Users/arushi/Swimming IMU Research/Code/outputs/labeling_queue/participant_32_Freestyle_1526985057870_0_to_130s.html
35,train,Freestyle_1526985361628.csv,140.03,0.0,130.0,done,existing manual labels,/Users/arushi/Swimming IMU Research/Code/outputs/labeling_queue/participant_35_Freestyle_1526985361628_0_to_130s.html
37,train,Freestyle_1527503150306.csv,455.33,0.0,130.0,done,existing manual labels,/Users/arushi/Swimming IMU Research/Code/outputs/labeling_queue/participant_37_Freestyle_1527503150306_0_to_130s.html
39,train,Freestyle_1526984965062.csv,355.93,0.0,130.0,done,existing manual labels,/Users/arushi/Swimming IMU Research/Code/outputs/labeling_queue/participant_39_Freestyle_1526984965062_0_to_130s.html
7,validation,Freestyle_1527679104993.csv,198.6,0.0,130.0,done,existing manual labels,/Users/arushi/Swimming IMU Research/Code/outputs/labeling_queue/participant_7_Freestyle_1527679104993_0_to_130s.html
19,validation,Freestyle_1532514223293.csv,647.7,0.0,130.0,done,existing manual labels,/Users/arushi/Swimming IMU Research/Code/outputs/labeling_queue/participant_19_Freestyle_1532514223293_0_to_130s.html
27,validation,Freestyle_1527158835425.csv,174.17,0.0,130.0,done,existing manual labels,/Users/arushi/Swimming IMU Research/Code/outputs/labeling_queue/participant_27_Freestyle_1527158835425_0_to_130s.html
34,validation,Freestyle_1527935243889.csv,278.97,0.0,130.0,done,existing manual labels,/Users/arushi/Swimming IMU Research/Code/outputs/labeling_queue/participant_34_Freestyle_1527935243889_0_to_130s.html
14,test,Freestyle_1526985344400.csv,326.33,0.0,130.0,done,existing manual labels,/Users/arushi/Swimming IMU Research/Code/outputs/labeling_queue/participant_14_Freestyle_1526985344400_0_to_130s.html
28,test,Freestyle_1527267722920.csv,122.8,0.0,122.8,done,existing manual labels,/Users/arushi/Swimming IMU Research/Code/outputs/labeling_queue/participant_28_Freestyle_1527267722920_0_to_123s.html
33,test,Freestyle_1526813819256.csv,212.07,0.0,130.0,done,existing manual labels,/Users/arushi/Swimming IMU Research/Code/outputs/labeling_queue/participant_33_Freestyle_1526813819256_0_to_130s.html
38,test,Freestyle_1526901159622.csv,190.87,0.0,130.0,done,existing manual labels,/Users/arushi/Swimming IMU Research/Code/outputs/labeling_queue/participant_38_Freestyle_1526901159622_0_to_130s.html
