participant,recordings,total_duration_s,labeled_duration_s,transition_ranges,full_recordings,partial_recordings,unlabeled_recordings
0,2,632.83,130.0,2,0,1,1
1,1,1454.7,130.0,1,0,1,0
2,4,1990.8,130.0,3,0,1,3
4,5,1756.56,254.2,6,1,1,3
6,2,1261.7,0.0,0,0,0,2
7,6,1554.77,0.0,0,0,0,6
8,2,1151.23,0.0,0,0,0,2
9,1,685.4,0.0,0,0,0,1
11,1,60.47,0.0,0,0,0,1
12,1,680.83,0.0,0,0,0,1
13,2,938.3,0.0,0,0,0,2
14,4,2543.93,0.0,0,0,0,4
15,1,287.07,0.0,0,0,0,1
18,9,3451.27,0.0,0,0,0,9
19,3,1613.04,0.0,0,0,0,3
20,4,1424.73,0.0,0,0,0,4
22,4,747.1,0.0,0,0,0,4
26,2,1160.03,0.0,0,0,0,2
27,4,1164.08,0.0,0,0,0,4
28,5,1219.93,0.0,0,0,0,5
29,5,1121.76,0.0,0,0,0,5
30,2,193.5,0.0,0,0,0,2
31,1,1242.73,0.0,0,0,0,1
32,3,614.3,0.0,0,0,0,3
33,4,767.47,0.0,0,0,0,4
34,1,278.97,0.0,0,0,0,1
35,6,1161.33,0.0,0,0,0,6
37,3,2624.66,0.0,0,0,0,3
38,1,190.87,0.0,0,0,0,1
39,3,1224.67,0.0,0,0,0,3
