participant,file,duration_s,num_samples,labeled,num_transition_ranges
0,Freestyle_1527873200322.csv,131.8,3955,yes,2
0,Freestyle_1527874144300.csv,501.03,15032,no,0
1,Freestyle_1527676714707.csv,1454.7,43642,yes,1
2,Freestyle_1527072298681.csv,257.1,7714,yes,3
2,Freestyle_1527072607736.csv,999.8,29995,no,0
2,Freestyle_1527502597564.csv,585.0,17551,no,0
2,Freestyle_1532600456605.csv,148.9,4468,no,0
4,Freestyle_1526810816300.csv,124.2,3727,yes,3
4,Freestyle_1526810977061.csv,717.13,21515,yes,3
4,Freestyle_1526811804346.csv,215.53,6467,no,0
4,Freestyle_1527504545297.csv,461.53,13847,no,0
4,Freestyle_1527592571955.csv,238.17,7146,no,0
6,Freestyle_1527268862333.csv,729.83,21896,no,0
6,Freestyle_1527270626363.csv,531.87,15957,no,0
7,Freestyle_1527679104993.csv,198.6,5959,no,0
7,Freestyle_1531501572116.csv,182.43,5474,no,0
7,Freestyle_1531502006365.csv,187.67,5631,no,0
7,Freestyle_1532364266099.csv,185.37,5562,no,0
7,Freestyle_1533735583370.csv,419.43,12584,no,0
7,Freestyle_1533736540367.csv,381.27,11439,no,0
8,Freestyle_1527071330260.csv,827.1,24814,no,0
8,Freestyle_1527072163212.csv,324.13,9725,no,0
9,Freestyle_1527070549365.csv,685.4,20563,no,0
11,Freestyle_1526814573646.csv,60.47,1815,no,0
12,Freestyle_1527592069231.csv,680.83,20426,no,0
13,Freestyle_1531758722314.csv,322.63,9680,no,0
13,Freestyle_1531759820178.csv,615.67,18471,no,0
14,Freestyle_1526985344400.csv,326.33,9791,no,0
14,Freestyle_1526985680647.csv,310.3,9310,no,0
14,Freestyle_1526986181117.csv,126.63,3800,no,0
14,Freestyle_1532428981291.csv,1780.67,53421,no,0
15,Freestyle_1526815397592.csv,287.07,8613,no,0
18,Freestyle_1526897766554.csv,640.53,19217,no,0
18,Freestyle_1526899001767.csv,270.87,8127,no,0
18,Freestyle_1526899316025.csv,495.5,14866,no,0
18,Freestyle_1527589071924.csv,284.53,8537,no,0
18,Freestyle_1527589919308.csv,347.2,10417,no,0
18,Freestyle_1531217595611.csv,323.3,9700,no,0
18,Freestyle_1531218713767.csv,344.67,10341,no,0
18,Freestyle_1531219114858.csv,631.57,18948,no,0
18,Freestyle_1531220441538.csv,113.1,3394,no,0
19,Freestyle_1527873243930.csv,902.17,27066,no,0
19,Freestyle_1532514223293.csv,647.7,19432,no,0
19,Freestyle_1533731489264.csv,63.17,1896,no,0
20,Freestyle_1526897904432.csv,67.7,2032,no,0
20,Freestyle_1526898327587.csv,56.4,1693,no,0
20,Freestyle_1526899871276.csv,55.03,1652,no,0
20,Freestyle_1532687073691.csv,1245.6,37369,no,0
22,Freestyle_1526814937555.csv,46.2,1387,no,0
22,Freestyle_1526815274704.csv,66.5,1996,no,0
22,Freestyle_1532365378278.csv,60.87,1827,no,0
22,Freestyle_1532366005808.csv,573.53,17207,no,0
26,Freestyle_1527875324844.csv,533.63,16010,no,0
26,Freestyle_1527935282596.csv,626.4,18793,no,0
27,Freestyle_1527156963256.csv,718.07,21543,no,0
27,Freestyle_1527158217732.csv,110.27,3309,no,0
27,Freestyle_1527158835425.csv,174.17,5226,no,0
27,Freestyle_1527159493563.csv,161.57,4848,no,0
28,Freestyle_1527267722920.csv,122.8,3685,no,0
28,Freestyle_1527269088770.csv,94.1,2824,no,0
28,Freestyle_1527269209654.csv,389.3,11680,no,0
28,Freestyle_1527270663284.csv,554.9,16648,no,0
28,Freestyle_1527271326330.csv,58.83,1766,no,0
29,Freestyle_1526811304282.csv,292.3,8770,no,0
29,Freestyle_1526811651538.csv,293.53,8807,no,0
29,Freestyle_1526813416214.csv,183.6,5509,no,0
29,Freestyle_1526813638123.csv,177.9,5338,no,0
29,Freestyle_1526813863467.csv,174.43,5234,no,0
30,Freestyle_1526900456490.csv,112.53,3377,no,0
30,Freestyle_1526901387609.csv,80.97,2430,no,0
31,Freestyle_1532427246306.csv,1242.73,37283,no,0
32,Freestyle_1526984144184.csv,313.4,9403,no,0
32,Freestyle_1526984955785.csv,96.33,2891,no,0
32,Freestyle_1526985057870.csv,204.57,6138,no,0
33,Freestyle_1526813361601.csv,117.3,3520,no,0
33,Freestyle_1526813591392.csv,219.13,6575,no,0
33,Freestyle_1526813819256.csv,212.07,6363,no,0
33,Freestyle_1526814037042.csv,218.97,6570,no,0
34,Freestyle_1527935243889.csv,278.97,8370,no,0
35,Freestyle_1526985361628.csv,140.03,4202,no,0
35,Freestyle_1526985515813.csv,137.27,4119,no,0
35,Freestyle_1526985675308.csv,139.83,4196,no,0
35,Freestyle_1526985827195.csv,139.57,4188,no,0
35,Freestyle_1527589025049.csv,294.6,8839,no,0
35,Freestyle_1527589933971.csv,310.03,9302,no,0
37,Freestyle_1527502723558.csv,413.33,12401,no,0
37,Freestyle_1527503150306.csv,455.33,13661,no,0
37,Freestyle_1527504541667.csv,1756.0,52681,no,0
38,Freestyle_1526901159622.csv,190.87,5727,no,0
39,Freestyle_1526984465048.csv,248.17,7446,no,0
39,Freestyle_1526984965062.csv,355.93,10679,no,0
39,Freestyle_1526986368598.csv,620.57,18618,no,0
