participant,file,start_s,end_s
0,Freestyle_1527873200322.csv,0.0,73.9
0,Freestyle_1527873200322.csv,117.7,119.3
1,Freestyle_1527676714707.csv,0.0,91.7
2,Freestyle_1527072298681.csv,0.0,40.5
2,Freestyle_1527072298681.csv,75.0,81.2
2,Freestyle_1527072298681.csv,120.0,130.0
4,Freestyle_1526810816300.csv,0.0,12.1
4,Freestyle_1526810816300.csv,60.9,66.9
4,Freestyle_1526810816300.csv,115.2,124.2
4,Freestyle_1526810977061.csv,0.0,18.07
4,Freestyle_1526810977061.csv,65.1,68.9
4,Freestyle_1526810977061.csv,120.0,125.4
