split,participant,tolerance_s,total_windows,excluded_boundary_windows,boundary_errors,windows,accuracy,confusion_matrix,transition_precision,transition_recall,transition_f1,clean_f1,transition_windows,clean_windows,clean_recall,clean_precision
test,all,0.0,508,0,0,508,0.9291338582677166,"[[144, 10], [26, 328]]",0.8470588235294118,0.935064935064935,0.8888888888888888,0.9479768786127167,154,354,,
test,all,0.5,508,21,6,487,0.9383983572895277,"[[129, 4], [26, 328]]",0.832258064516129,0.9699248120300752,0.8958333333333334,0.956268221574344,133,354,,
test,all,1.0,508,41,11,467,0.9464668094218416,"[[120, 0], [25, 322]]",0.8275862068965517,1.0,0.9056603773584906,0.9626307922272048,120,347,,
test,all,2.0,508,74,15,434,0.9516129032258065,"[[106, 0], [21, 307]]",0.8346456692913385,1.0,0.9098712446351931,0.9669291338582677,106,328,,
test,14,0.0,129,0,0,129,0.9224806201550387,"[[43, 7], [3, 76]]",0.9347826086956522,0.86,0.8958333333333334,0.9382716049382716,50,79,,
test,14,0.5,129,7,4,122,0.9508196721311475,"[[40, 3], [3, 76]]",0.9302325581395349,0.9302325581395349,0.9302325581395349,0.9620253164556962,43,79,,
test,14,1.0,129,13,7,116,0.9741379310344828,"[[38, 0], [3, 75]]",0.926829268292683,1.0,0.9620253164556962,0.9803921568627451,38,78,,
test,14,2.0,129,23,8,106,0.9811320754716981,"[[33, 0], [2, 71]]",0.9428571428571428,1.0,0.9705882352941176,0.9861111111111112,33,73,,
test,28,0.0,121,0,0,121,0.9834710743801653,"[[36, 0], [2, 83]]",0.9473684210526315,1.0,0.972972972972973,0.9880952380952381,36,85,,
test,28,0.5,121,4,0,117,0.9829059829059829,"[[32, 0], [2, 83]]",0.9411764705882353,1.0,0.9696969696969697,0.9880952380952381,32,85,,
test,28,1.0,121,8,0,113,0.9823008849557522,"[[31, 0], [2, 80]]",0.9393939393939394,1.0,0.96875,0.9876543209876543,31,82,,
test,28,2.0,121,15,1,106,0.9905660377358491,"[[28, 0], [1, 77]]",0.9655172413793104,1.0,0.9824561403508771,0.9935483870967742,28,78,,
test,33,0.0,129,0,0,129,0.8372093023255814,"[[53, 0], [21, 55]]",0.7162162162162162,1.0,0.8346456692913385,0.8396946564885496,53,76,,
test,33,0.5,129,5,0,124,0.8306451612903226,"[[48, 0], [21, 55]]",0.6956521739130435,1.0,0.8205128205128205,0.8396946564885496,48,76,,
test,33,1.0,129,10,1,119,0.8319327731092437,"[[44, 0], [20, 55]]",0.6875,1.0,0.8148148148148148,0.8461538461538461,44,75,,
test,33,2.0,129,18,3,111,0.8378378378378378,"[[41, 0], [18, 52]]",0.6949152542372882,1.0,0.82,0.8524590163934426,41,70,,
test,38,0.0,129,0,0,129,0.9767441860465116,"[[12, 3], [0, 114]]",1.0,0.8,0.8888888888888888,0.987012987012987,15,114,,
test,38,0.5,129,5,2,124,0.9919354838709677,"[[9, 1], [0, 114]]",1.0,0.9,0.9473684210526315,0.9956331877729258,10,114,,
test,38,1.0,129,10,3,119,1.0,"[[7, 0], [0, 112]]",1.0,1.0,1.0,1.0,7,112,,
test,38,2.0,129,18,3,111,1.0,"[[4, 0], [0, 107]]",1.0,1.0,1.0,1.0,4,107,,
train,all,0.0,2735,0,0,2735,0.9912248628884827,"[[1088, 24], [0, 1623]]",1.0,0.9784172661870504,0.9890909090909091,0.9926605504587156,1112,1623,,
train,all,0.5,2735,79,15,2656,0.9966114457831325,"[[1024, 9], [0, 1623]]",1.0,0.9912875121006777,0.9956246961594555,0.9972350230414746,1033,1623,,
train,all,1.0,2735,158,24,2577,1.0,"[[969, 0], [0, 1608]]",1.0,1.0,1.0,1.0,969,1608,,
train,all,2.0,2735,302,24,2433,1.0,"[[904, 0], [0, 1529]]",1.0,1.0,1.0,1.0,904,1529,,
train,0,0.0,129,0,0,129,1.0,"[[78, 0], [0, 51]]",1.0,1.0,1.0,1.0,78,51,,
train,0,0.5,129,3,0,126,1.0,"[[75, 0], [0, 51]]",1.0,1.0,1.0,1.0,75,51,,
train,0,1.0,129,6,0,123,1.0,"[[72, 0], [0, 51]]",1.0,1.0,1.0,1.0,72,51,,
train,0,2.0,129,10,0,119,1.0,"[[71, 0], [0, 48]]",1.0,1.0,1.0,1.0,71,48,,
train,1,0.0,129,0,0,129,1.0,"[[92, 0], [0, 37]]",1.0,1.0,1.0,1.0,92,37,,
train,1,0.5,129,1,0,128,1.0,"[[91, 0], [0, 37]]",1.0,1.0,1.0,1.0,91,37,,
train,1,1.0,129,2,0,127,1.0,"[[90, 0], [0, 37]]",1.0,1.0,1.0,1.0,90,37,,
train,1,2.0,129,4,0,125,1.0,"[[89, 0], [0, 36]]",1.0,1.0,1.0,1.0,89,36,,
train,11,0.0,59,0,0,59,0.9830508474576272,"[[26, 1], [0, 32]]",1.0,0.9629629629629629,0.9811320754716981,0.9846153846153847,27,32,,
train,11,0.5,59,2,1,57,1.0,"[[25, 0], [0, 32]]",1.0,1.0,1.0,1.0,25,32,,
train,11,1.0,59,4,1,55,1.0,"[[23, 0], [0, 32]]",1.0,1.0,1.0,1.0,23,32,,
train,11,2.0,59,9,1,50,1.0,"[[20, 0], [0, 30]]",1.0,1.0,1.0,1.0,20,30,,
train,12,0.0,129,0,0,129,0.9844961240310077,"[[30, 2], [0, 97]]",1.0,0.9375,0.967741935483871,0.9897959183673469,32,97,,
train,12,0.5,129,5,0,124,0.9838709677419355,"[[25, 2], [0, 97]]",1.0,0.9259259259259259,0.9615384615384616,0.9897959183673469,27,97,,
train,12,1.0,129,10,2,119,1.0,"[[22, 0], [0, 97]]",1.0,1.0,1.0,1.0,22,97,,
train,12,2.0,129,19,2,110,1.0,"[[18, 0], [0, 92]]",1.0,1.0,1.0,1.0,18,92,,
train,13,0.0,129,0,0,129,0.9922480620155039,"[[33, 1], [0, 95]]",1.0,0.9705882352941176,0.9850746268656716,0.9947643979057592,34,95,,
train,13,0.5,129,5,1,124,1.0,"[[29, 0], [0, 95]]",1.0,1.0,1.0,1.0,29,95,,
train,13,1.0,129,10,1,119,1.0,"[[24, 0], [0, 95]]",1.0,1.0,1.0,1.0,24,95,,
train,13,2.0,129,19,1,110,1.0,"[[20, 0], [0, 90]]",1.0,1.0,1.0,1.0,20,90,,
train,15,0.0,129,0,0,129,0.9844961240310077,"[[34, 2], [0, 93]]",1.0,0.9444444444444444,0.9714285714285714,0.9893617021276596,36,93,,
train,15,0.5,129,5,1,124,0.9919354838709677,"[[30, 1], [0, 93]]",1.0,0.967741935483871,0.9836065573770492,0.9946524064171123,31,93,,
train,15,1.0,129,10,2,119,1.0,"[[28, 0], [0, 91]]",1.0,1.0,1.0,1.0,28,91,,
train,15,2.0,129,20,2,109,1.0,"[[23, 0], [0, 86]]",1.0,1.0,1.0,1.0,23,86,,
train,18,0.0,129,0,0,129,0.9922480620155039,"[[28, 1], [0, 100]]",1.0,0.9655172413793104,0.9824561403508771,0.9950248756218906,29,100,,
train,18,0.5,129,5,0,124,0.9919354838709677,"[[23, 1], [0, 100]]",1.0,0.9583333333333334,0.9787234042553191,0.9950248756218906,24,100,,
train,18,1.0,129,10,1,119,1.0,"[[23, 0], [0, 96]]",1.0,1.0,1.0,1.0,23,96,,
train,18,2.0,129,20,1,109,1.0,"[[18, 0], [0, 91]]",1.0,1.0,1.0,1.0,18,91,,
train,2,0.0,129,0,0,129,0.9922480620155039,"[[58, 1], [0, 70]]",1.0,0.9830508474576272,0.9914529914529915,0.9929078014184397,59,70,,
train,2,0.5,129,4,0,125,0.992,"[[54, 1], [0, 70]]",1.0,0.9818181818181818,0.9908256880733946,0.9929078014184397,55,70,,
train,2,1.0,129,8,1,121,1.0,"[[51, 0], [0, 70]]",1.0,1.0,1.0,1.0,51,70,,
train,2,2.0,129,16,1,113,1.0,"[[47, 0], [0, 66]]",1.0,1.0,1.0,1.0,47,66,,
train,20,0.0,55,0,0,55,1.0,"[[14, 0], [0, 41]]",1.0,1.0,1.0,1.0,14,41,,
train,20,0.5,55,2,0,53,1.0,"[[12, 0], [0, 41]]",1.0,1.0,1.0,1.0,12,41,,
train,20,1.0,55,4,0,51,1.0,"[[10, 0], [0, 41]]",1.0,1.0,1.0,1.0,10,41,,
train,20,2.0,55,8,0,47,1.0,"[[8, 0], [0, 39]]",1.0,1.0,1.0,1.0,8,39,,
train,22,0.0,65,0,0,65,1.0,"[[36, 0], [0, 29]]",1.0,1.0,1.0,1.0,36,29,,
train,22,0.5,65,2,0,63,1.0,"[[34, 0], [0, 29]]",1.0,1.0,1.0,1.0,34,29,,
train,22,1.0,65,4,0,61,1.0,"[[32, 0], [0, 29]]",1.0,1.0,1.0,1.0,32,29,,
train,22,2.0,65,8,0,57,1.0,"[[30, 0], [0, 27]]",1.0,1.0,1.0,1.0,30,27,,
train,26,0.0,129,0,0,129,1.0,"[[129, 0], [0, 0]]",1.0,1.0,1.0,,129,0,,
train,26,0.5,129,0,0,129,1.0,"[[129, 0], [0, 0]]",1.0,1.0,1.0,,129,0,,
train,26,1.0,129,0,0,129,1.0,"[[129, 0], [0, 0]]",1.0,1.0,1.0,,129,0,,
train,26,2.0,129,0,0,129,1.0,"[[129, 0], [0, 0]]",1.0,1.0,1.0,,129,0,,
train,29,0.0,129,0,0,129,1.0,"[[17, 0], [0, 112]]",1.0,1.0,1.0,1.0,17,112,,
train,29,0.5,129,5,0,124,1.0,"[[12, 0], [0, 112]]",1.0,1.0,1.0,1.0,12,112,,
train,29,1.0,129,10,0,119,1.0,"[[7, 0], [0, 112]]",1.0,1.0,1.0,1.0,7,112,,
train,29,2.0,129,17,0,112,1.0,"[[5, 0], [0, 107]]",1.0,1.0,1.0,1.0,5,107,,
train,30,0.0,111,0,0,111,1.0,"[[17, 0], [0, 94]]",1.0,1.0,1.0,1.0,17,94,,
train,30,0.5,111,4,0,107,1.0,"[[13, 0], [0, 94]]",1.0,1.0,1.0,1.0,13,94,,
train,30,1.0,111,8,0,103,1.0,"[[10, 0], [0, 93]]",1.0,1.0,1.0,1.0,10,93,,
train,30,2.0,111,14,0,97,1.0,"[[8, 0], [0, 89]]",1.0,1.0,1.0,1.0,8,89,,
train,31,0.0,129,0,0,129,0.9922480620155039,"[[115, 1], [0, 13]]",1.0,0.9913793103448276,0.9956709956709957,0.9629629629629629,116,13,,
train,31,0.5,129,1,1,128,1.0,"[[115, 0], [0, 13]]",1.0,1.0,1.0,1.0,115,13,,
train,31,1.0,129,2,1,127,1.0,"[[114, 0], [0, 13]]",1.0,1.0,1.0,1.0,114,13,,
train,31,2.0,129,4,1,125,1.0,"[[113, 0], [0, 12]]",1.0,1.0,1.0,1.0,113,12,,
train,32,0.0,129,0,0,129,0.9922480620155039,"[[24, 1], [0, 104]]",1.0,0.96,0.9795918367346939,0.9952153110047847,25,104,,
train,32,0.5,129,5,1,124,1.0,"[[20, 0], [0, 104]]",1.0,1.0,1.0,1.0,20,104,,
train,32,1.0,129,10,1,119,1.0,"[[16, 0], [0, 103]]",1.0,1.0,1.0,1.0,16,103,,
train,32,2.0,129,20,1,109,1.0,"[[11, 0], [0, 98]]",1.0,1.0,1.0,1.0,11,98,,
train,35,0.0,129,0,0,129,0.9922480620155039,"[[14, 1], [0, 114]]",1.0,0.9333333333333333,0.9655172413793104,0.9956331877729258,15,114,,
train,35,0.5,129,5,1,124,1.0,"[[10, 0], [0, 114]]",1.0,1.0,1.0,1.0,10,114,,
train,35,1.0,129,10,1,119,1.0,"[[5, 0], [0, 114]]",1.0,1.0,1.0,1.0,5,114,,
train,35,2.0,129,17,1,112,1.0,"[[3, 0], [0, 109]]",1.0,1.0,1.0,1.0,3,109,,
train,37,0.0,129,0,0,129,0.9612403100775194,"[[22, 5], [0, 102]]",1.0,0.8148148148148148,0.8979591836734694,0.9760765550239234,27,102,,
train,37,0.5,129,5,3,124,0.9838709677419355,"[[20, 2], [0, 102]]",1.0,0.9090909090909091,0.9523809523809523,0.9902912621359223,22,102,,
train,37,1.0,129,10,5,119,1.0,"[[19, 0], [0, 100]]",1.0,1.0,1.0,1.0,19,100,,
train,37,2.0,129,20,5,109,1.0,"[[14, 0], [0, 95]]",1.0,1.0,1.0,1.0,14,95,,
train,39,0.0,129,0,0,129,0.9922480620155039,"[[35, 1], [0, 93]]",1.0,0.9722222222222222,0.9859154929577465,0.9946524064171123,36,93,,
train,39,0.5,129,5,1,124,1.0,"[[31, 0], [0, 93]]",1.0,1.0,1.0,1.0,31,93,,
train,39,1.0,129,10,1,119,1.0,"[[27, 0], [0, 92]]",1.0,1.0,1.0,1.0,27,92,,
train,39,2.0,129,18,1,111,1.0,"[[24, 0], [0, 87]]",1.0,1.0,1.0,1.0,24,87,,
train,4,0.0,252,0,0,252,0.9801587301587301,"[[53, 5], [0, 194]]",1.0,0.9137931034482759,0.954954954954955,0.9872773536895675,58,194,,
train,4,0.5,252,9,4,243,0.9958847736625515,"[[48, 1], [0, 194]]",1.0,0.9795918367346939,0.9896907216494846,0.9974293059125964,49,194,,
train,4,1.0,252,18,5,234,1.0,"[[43, 0], [0, 191]]",1.0,1.0,1.0,1.0,43,191,,
train,4,2.0,252,35,5,217,1.0,"[[35, 0], [0, 182]]",1.0,1.0,1.0,1.0,35,182,,
train,6,0.0,129,0,0,129,1.0,"[[96, 0], [0, 33]]",1.0,1.0,1.0,1.0,96,33,,
train,6,0.5,129,1,0,128,1.0,"[[95, 0], [0, 33]]",1.0,1.0,1.0,1.0,95,33,,
train,6,1.0,129,2,0,127,1.0,"[[94, 0], [0, 33]]",1.0,1.0,1.0,1.0,94,33,,
train,6,2.0,129,4,0,125,1.0,"[[93, 0], [0, 32]]",1.0,1.0,1.0,1.0,93,32,,
train,8,0.0,129,0,0,129,0.9922480620155039,"[[44, 1], [0, 84]]",1.0,0.9777777777777777,0.9887640449438202,0.9940828402366864,45,84,,
train,8,0.5,129,4,0,125,0.992,"[[40, 1], [0, 84]]",1.0,0.975609756097561,0.9876543209876543,0.9940828402366864,41,84,,
train,8,1.0,129,8,1,121,1.0,"[[38, 0], [0, 83]]",1.0,1.0,1.0,1.0,38,83,,
train,8,2.0,129,16,1,113,1.0,"[[34, 0], [0, 79]]",1.0,1.0,1.0,1.0,34,79,,
train,9,0.0,129,0,0,129,0.9922480620155039,"[[93, 1], [0, 35]]",1.0,0.9893617021276596,0.9946524064171123,0.9859154929577465,94,35,,
train,9,0.5,129,1,1,128,1.0,"[[93, 0], [0, 35]]",1.0,1.0,1.0,1.0,93,35,,
train,9,1.0,129,2,1,127,1.0,"[[92, 0], [0, 35]]",1.0,1.0,1.0,1.0,92,35,,
train,9,2.0,129,4,1,125,1.0,"[[91, 0], [0, 34]]",1.0,1.0,1.0,1.0,91,34,,
validation,all,0.0,516,0,0,516,0.9941860465116279,"[[292, 3], [0, 221]]",1.0,0.9898305084745763,0.9948892674616695,0.9932584269662922,295,221,,
validation,all,0.5,516,12,1,504,0.996031746031746,"[[281, 2], [0, 221]]",1.0,0.9929328621908127,0.9964539007092199,0.9954954954954955,283,221,,
validation,all,1.0,516,24,3,492,1.0,"[[274, 0], [0, 218]]",1.0,1.0,1.0,1.0,274,218,,
validation,all,2.0,516,45,3,471,1.0,"[[265, 0], [0, 206]]",1.0,1.0,1.0,1.0,265,206,,
validation,19,0.0,129,0,0,129,1.0,"[[129, 0], [0, 0]]",1.0,1.0,1.0,,129,0,,
validation,19,0.5,129,0,0,129,1.0,"[[129, 0], [0, 0]]",1.0,1.0,1.0,,129,0,,
validation,19,1.0,129,0,0,129,1.0,"[[129, 0], [0, 0]]",1.0,1.0,1.0,,129,0,,
validation,19,2.0,129,0,0,129,1.0,"[[129, 0], [0, 0]]",1.0,1.0,1.0,,129,0,,
validation,27,0.0,129,0,0,129,0.9767441860465116,"[[18, 3], [0, 108]]",1.0,0.8571428571428571,0.9230769230769231,0.9863013698630136,21,108,,
validation,27,0.5,129,6,1,123,0.983739837398374,"[[13, 2], [0, 108]]",1.0,0.8666666666666667,0.9285714285714286,0.9908256880733946,15,108,,
validation,27,1.0,129,12,3,117,1.0,"[[10, 0], [0, 107]]",1.0,1.0,1.0,1.0,10,107,,
validation,27,2.0,129,23,3,106,1.0,"[[5, 0], [0, 101]]",1.0,1.0,1.0,1.0,5,101,,
validation,34,0.0,129,0,0,129,1.0,"[[119, 0], [0, 10]]",1.0,1.0,1.0,1.0,119,10,,
validation,34,0.5,129,1,0,128,1.0,"[[118, 0], [0, 10]]",1.0,1.0,1.0,1.0,118,10,,
validation,34,1.0,129,2,0,127,1.0,"[[118, 0], [0, 9]]",1.0,1.0,1.0,1.0,118,9,,
validation,34,2.0,129,4,0,125,1.0,"[[117, 0], [0, 8]]",1.0,1.0,1.0,1.0,117,8,,
validation,7,0.0,129,0,0,129,1.0,"[[26, 0], [0, 103]]",1.0,1.0,1.0,1.0,26,103,,
validation,7,0.5,129,5,0,124,1.0,"[[21, 0], [0, 103]]",1.0,1.0,1.0,1.0,21,103,,
validation,7,1.0,129,10,0,119,1.0,"[[17, 0], [0, 102]]",1.0,1.0,1.0,1.0,17,102,,
validation,7,2.0,129,18,0,111,1.0,"[[14, 0], [0, 97]]",1.0,1.0,1.0,1.0,14,97,,
