participant,recording,split,sampling_hz,duration_s,windows,transition_windows,clean_windows
0,Freestyle_1527873200322.csv,train,29.999999962502102,131.80000016475,129,78,51
1,Freestyle_1527676714707.csv,train,29.999999962495707,1454.700001818375,129,92,37
2,Freestyle_1527072298681.csv,train,30.000000018751507,257.0999998393125,129,59,70
4,Freestyle_1526810816300.csv,train,29.999999990626804,124.2000000388125,123,28,95
4,Freestyle_1526810977061.csv,train,29.999999990614015,717.1333335574375,129,30,99
8,Freestyle_1527071330260.csv,train,30.000000075000912,827.09999793225,129,45,84
6,Freestyle_1527268862333.csv,train,30.000000001152785,729.8333333048242,129,96,33
9,Freestyle_1527070549365.csv,train,30.000000018751507,685.399999571625,129,94,35
11,Freestyle_1526814573646.csv,train,29.999999990625206,60.4666666855625,59,27,32
12,Freestyle_1527592069231.csv,train,30.000000018751507,680.8333329078125,129,32,97
13,Freestyle_1531758722314.csv,train,29.999999962502102,322.633333736625,129,34,95
15,Freestyle_1526815397592.csv,train,29.999999962502102,287.066667025625,129,36,93
18,Freestyle_1531218713767.csv,train,29.999999990624808,344.666666774375,129,29,100
20,Freestyle_1526898327587.csv,train,30.000000075000912,56.399999859,55,14,41
22,Freestyle_1526815274704.csv,train,29.999999962500503,66.50000008325,65,36,29
26,Freestyle_1527875324844.csv,train,29.999999962502102,533.633334000375,129,129,0
29,Freestyle_1526813416214.csv,train,29.999999962502102,183.600000229625,129,17,112
30,Freestyle_1526900456490.csv,train,29.999999990626804,112.5333333685,111,17,94
31,Freestyle_1532427246306.csv,train,29.999999997673967,1242.733333430422,129,116,13
32,Freestyle_1526985057870.csv,train,30.000000018751507,204.5666665388125,129,25,104
35,Freestyle_1526985361628.csv,train,30.000000018751507,140.0333332458125,129,15,114
37,Freestyle_1527503150306.csv,train,29.999999962502102,455.3333339025,129,27,102
39,Freestyle_1526984965062.csv,train,30.000000075000912,355.9333324435,129,36,93
7,Freestyle_1527679104993.csv,validation,29.999999962502102,198.600000248375,129,26,103
19,Freestyle_1532514223293.csv,validation,29.999999990614015,647.7000002024063,129,129,0
27,Freestyle_1527158835425.csv,validation,30.000000075000912,174.16666623125,129,21,108
34,Freestyle_1527935243889.csv,validation,29.999999962502102,278.966667015375,129,119,10
14,Freestyle_1526985344400.csv,test,30.000000075000912,326.3333325175,129,50,79
28,Freestyle_1527267722920.csv,test,29.999999962502102,122.8000001535,121,36,85
33,Freestyle_1526813819256.csv,test,29.999999990626804,212.0666667329375,129,53,76
38,Freestyle_1526901159622.csv,test,30.000000075000912,190.8666661895,129,15,114
