participant,split,windows,accuracy,confusion_matrix,transition_precision,transition_recall,transition_f1,clean_f1,transition_windows,clean_windows
0,train,129,0.9844961240310077,"[[77, 1], [1, 50]]",0.9871794871794872,0.9871794871794872,0.9871794871794872,0.9803921568627451,78,51
1,train,129,0.9922480620155039,"[[91, 1], [0, 37]]",1.0,0.9891304347826086,0.994535519125683,0.9866666666666667,92,37
11,train,59,0.8983050847457628,"[[25, 2], [4, 28]]",0.8620689655172413,0.9259259259259259,0.8928571428571429,0.9032258064516129,27,32
12,train,129,0.9689922480620154,"[[28, 4], [0, 97]]",1.0,0.875,0.9333333333333333,0.9797979797979798,32,97
13,train,129,0.9767441860465116,"[[31, 3], [0, 95]]",1.0,0.9117647058823529,0.9538461538461539,0.9844559585492227,34,95
14,test,129,0.9302325581395349,"[[44, 6], [3, 76]]",0.9361702127659575,0.88,0.9072164948453608,0.9440993788819876,50,79
15,train,129,0.9689922480620154,"[[32, 4], [0, 93]]",1.0,0.8888888888888888,0.9411764705882353,0.9789473684210527,36,93
18,train,129,0.9224806201550387,"[[28, 1], [9, 91]]",0.7567567567567568,0.9655172413793104,0.8484848484848485,0.9479166666666666,29,100
19,validation,129,1.0,"[[129, 0], [0, 0]]",1.0,1.0,1.0,0.0,129,0
2,train,129,0.9689922480620154,"[[57, 2], [2, 68]]",0.9661016949152542,0.9661016949152542,0.9661016949152542,0.9714285714285714,59,70
20,train,55,0.7272727272727273,"[[12, 2], [13, 28]]",0.48,0.8571428571428571,0.6153846153846154,0.7887323943661971,14,41
22,train,65,0.9846153846153847,"[[35, 1], [0, 29]]",1.0,0.9722222222222222,0.9859154929577465,0.9830508474576272,36,29
26,train,129,1.0,"[[129, 0], [0, 0]]",1.0,1.0,1.0,0.0,129,0
27,validation,129,0.9767441860465116,"[[18, 3], [0, 108]]",1.0,0.8571428571428571,0.9230769230769231,0.9863013698630136,21,108
28,test,121,0.9256198347107438,"[[36, 0], [9, 76]]",0.8,1.0,0.8888888888888888,0.9440993788819876,36,85
29,train,129,1.0,"[[17, 0], [0, 112]]",1.0,1.0,1.0,1.0,17,112
30,train,111,0.963963963963964,"[[14, 3], [1, 93]]",0.9333333333333333,0.8235294117647058,0.875,0.9789473684210527,17,94
31,train,129,0.9844961240310077,"[[115, 1], [1, 12]]",0.9913793103448276,0.9913793103448276,0.9913793103448276,0.9230769230769231,116,13
32,train,129,0.9534883720930233,"[[21, 4], [2, 102]]",0.9130434782608695,0.84,0.875,0.9714285714285714,25,104
33,test,129,0.6434108527131783,"[[53, 0], [46, 30]]",0.5353535353535354,1.0,0.6973684210526315,0.5660377358490566,53,76
34,validation,129,0.9922480620155039,"[[118, 1], [0, 10]]",1.0,0.9915966386554622,0.9957805907172996,0.9523809523809523,119,10
35,train,129,0.9767441860465116,"[[14, 1], [2, 112]]",0.875,0.9333333333333333,0.9032258064516129,0.986784140969163,15,114
37,train,129,0.9147286821705426,"[[20, 7], [4, 98]]",0.8333333333333334,0.7407407407407407,0.7843137254901961,0.9468599033816425,27,102
38,test,129,0.9767441860465116,"[[12, 3], [0, 114]]",1.0,0.8,0.8888888888888888,0.987012987012987,15,114
39,train,129,0.9612403100775194,"[[32, 4], [1, 92]]",0.9696969696969697,0.8888888888888888,0.927536231884058,0.9735449735449735,36,93
4,train,252,0.9722222222222222,"[[51, 7], [0, 194]]",1.0,0.8793103448275862,0.9357798165137615,0.9822784810126582,58,194
6,train,129,0.9922480620155039,"[[95, 1], [0, 33]]",1.0,0.9895833333333334,0.9947643979057592,0.9850746268656716,96,33
7,validation,129,1.0,"[[26, 0], [0, 103]]",1.0,1.0,1.0,1.0,26,103
8,train,129,0.9147286821705426,"[[43, 2], [9, 75]]",0.8269230769230769,0.9555555555555556,0.8865979381443299,0.9316770186335404,45,84
9,train,129,0.9922480620155039,"[[93, 1], [0, 35]]",1.0,0.9893617021276596,0.9946524064171123,0.9859154929577465,94,35
