split,participant,tolerance_s,total_windows,excluded_boundary_windows,boundary_errors,windows,accuracy,confusion_matrix,transition_precision,transition_recall,transition_f1,clean_f1,transition_windows,clean_windows,clean_precision,clean_recall
test,all,0.0,508,0,0,508,0.8248031496062992,"[[151, 3], [86, 268]]",0.6371308016877637,0.9805194805194806,0.7723785166240409,0.8576,154,354,,
test,all,0.5,508,21,2,487,0.8213552361396304,"[[132, 1], [86, 268]]",0.6055045871559633,0.9924812030075187,0.7521367521367521,0.8603531300160514,133,354,,
test,all,1.0,508,41,8,467,0.8265524625267666,"[[120, 0], [81, 266]]",0.5970149253731343,1.0,0.7476635514018691,0.867862969004894,120,347,,
test,all,2.0,508,74,15,434,0.8294930875576036,"[[106, 0], [74, 254]]",0.5888888888888889,1.0,0.7412587412587412,0.872852233676976,106,328,,
test,14,0.0,129,0,0,129,0.9844961240310077,"[[48, 2], [0, 79]]",1.0,0.96,0.9795918367346939,0.9875,50,79,,
test,14,0.5,129,7,1,122,0.9918032786885246,"[[42, 1], [0, 79]]",1.0,0.9767441860465116,0.9882352941176471,0.9937106918238994,43,79,,
test,14,1.0,129,13,2,116,1.0,"[[38, 0], [0, 78]]",1.0,1.0,1.0,1.0,38,78,,
test,14,2.0,129,23,2,106,1.0,"[[33, 0], [0, 73]]",1.0,1.0,1.0,1.0,33,73,,
test,28,0.0,121,0,0,121,0.9338842975206612,"[[36, 0], [8, 77]]",0.8181818181818182,1.0,0.9,0.9506172839506173,36,85,,
test,28,0.5,121,4,0,117,0.9316239316239316,"[[32, 0], [8, 77]]",0.8,1.0,0.8888888888888888,0.9506172839506173,32,85,,
test,28,1.0,121,8,2,113,0.9469026548672567,"[[31, 0], [6, 76]]",0.8378378378378378,1.0,0.9117647058823529,0.9620253164556962,31,82,,
test,28,2.0,121,15,4,106,0.9622641509433962,"[[28, 0], [4, 74]]",0.875,1.0,0.9333333333333333,0.9736842105263158,28,78,,
test,33,0.0,129,0,0,129,0.40310077519379844,"[[52, 1], [76, 0]]",0.40625,0.9811320754716981,0.574585635359116,0.0,53,76,,
test,33,0.5,129,5,1,124,0.3870967741935484,"[[48, 0], [76, 0]]",0.3870967741935484,1.0,0.5581395348837209,0.0,48,76,,
test,33,1.0,129,10,2,119,0.3697478991596639,"[[44, 0], [75, 0]]",0.3697478991596639,1.0,0.5398773006134969,0.0,44,75,,
test,33,2.0,129,18,7,111,0.36936936936936937,"[[41, 0], [70, 0]]",0.36936936936936937,1.0,0.5394736842105263,0.0,41,70,,
test,38,0.0,129,0,0,129,0.9844961240310077,"[[15, 0], [2, 112]]",0.8823529411764706,1.0,0.9375,0.9911504424778761,15,114,,
test,38,0.5,129,5,0,124,0.9838709677419355,"[[10, 0], [2, 112]]",0.8333333333333334,1.0,0.9090909090909091,0.9911504424778761,10,114,,
test,38,1.0,129,10,2,119,1.0,"[[7, 0], [0, 112]]",1.0,1.0,1.0,1.0,7,112,,
test,38,2.0,129,18,2,111,1.0,"[[4, 0], [0, 107]]",1.0,1.0,1.0,1.0,4,107,,
train,all,0.0,2735,0,0,2735,0.9893967093235831,"[[1104, 8], [21, 1602]]",0.9813333333333333,0.9928057553956835,0.9870362092087618,0.9910300030931024,1112,1623,,
train,all,0.5,2735,79,3,2656,0.990210843373494,"[[1028, 5], [21, 1602]]",0.9799809342230696,0.995159728944821,0.9875120076849183,0.9919504643962849,1033,1623,,
train,all,1.0,2735,158,13,2577,0.993791230112534,"[[969, 0], [16, 1592]]",0.983756345177665,1.0,0.9918116683725691,0.995,969,1608,,
train,all,2.0,2735,302,23,2433,0.9975339087546239,"[[904, 0], [6, 1523]]",0.9934065934065934,1.0,0.9966923925027563,0.9980340760157274,904,1529,,
train,0,0.0,129,0,0,129,0.9922480620155039,"[[78, 0], [1, 50]]",0.9873417721518988,1.0,0.9936305732484076,0.9900990099009901,78,51,,
train,0,0.5,129,3,0,126,0.9920634920634921,"[[75, 0], [1, 50]]",0.9868421052631579,1.0,0.9933774834437086,0.9900990099009901,75,51,,
train,0,1.0,129,6,0,123,0.991869918699187,"[[72, 0], [1, 50]]",0.9863013698630136,1.0,0.993103448275862,0.9900990099009901,72,51,,
train,0,2.0,129,10,1,119,1.0,"[[71, 0], [0, 48]]",1.0,1.0,1.0,1.0,71,48,,
train,1,0.0,129,0,0,129,1.0,"[[92, 0], [0, 37]]",1.0,1.0,1.0,1.0,92,37,,
train,1,0.5,129,1,0,128,1.0,"[[91, 0], [0, 37]]",1.0,1.0,1.0,1.0,91,37,,
train,1,1.0,129,2,0,127,1.0,"[[90, 0], [0, 37]]",1.0,1.0,1.0,1.0,90,37,,
train,1,2.0,129,4,0,125,1.0,"[[89, 0], [0, 36]]",1.0,1.0,1.0,1.0,89,36,,
train,11,0.0,59,0,0,59,0.9830508474576272,"[[26, 1], [0, 32]]",1.0,0.9629629629629629,0.9811320754716981,0.9846153846153847,27,32,,
train,11,0.5,59,2,1,57,1.0,"[[25, 0], [0, 32]]",1.0,1.0,1.0,1.0,25,32,,
train,11,1.0,59,4,1,55,1.0,"[[23, 0], [0, 32]]",1.0,1.0,1.0,1.0,23,32,,
train,11,2.0,59,9,1,50,1.0,"[[20, 0], [0, 30]]",1.0,1.0,1.0,1.0,20,30,,
train,12,0.0,129,0,0,129,1.0,"[[32, 0], [0, 97]]",1.0,1.0,1.0,1.0,32,97,,
train,12,0.5,129,5,0,124,1.0,"[[27, 0], [0, 97]]",1.0,1.0,1.0,1.0,27,97,,
train,12,1.0,129,10,0,119,1.0,"[[22, 0], [0, 97]]",1.0,1.0,1.0,1.0,22,97,,
train,12,2.0,129,19,0,110,1.0,"[[18, 0], [0, 92]]",1.0,1.0,1.0,1.0,18,92,,
train,13,0.0,129,0,0,129,0.9922480620155039,"[[34, 0], [1, 94]]",0.9714285714285714,1.0,0.9855072463768116,0.9947089947089947,34,95,,
train,13,0.5,129,5,0,124,0.9919354838709677,"[[29, 0], [1, 94]]",0.9666666666666667,1.0,0.9830508474576272,0.9947089947089947,29,95,,
train,13,1.0,129,10,0,119,0.9915966386554622,"[[24, 0], [1, 94]]",0.96,1.0,0.9795918367346939,0.9947089947089947,24,95,,
train,13,2.0,129,19,1,110,1.0,"[[20, 0], [0, 90]]",1.0,1.0,1.0,1.0,20,90,,
train,15,0.0,129,0,0,129,0.9689922480620154,"[[34, 2], [2, 91]]",0.9444444444444444,0.9444444444444444,0.9444444444444444,0.978494623655914,36,93,,
train,15,0.5,129,5,1,124,0.9758064516129032,"[[30, 1], [2, 91]]",0.9375,0.967741935483871,0.9523809523809523,0.9837837837837838,31,93,,
train,15,1.0,129,10,4,119,1.0,"[[28, 0], [0, 91]]",1.0,1.0,1.0,1.0,28,91,,
train,15,2.0,129,20,4,109,1.0,"[[23, 0], [0, 86]]",1.0,1.0,1.0,1.0,23,86,,
train,18,0.0,129,0,0,129,0.9922480620155039,"[[29, 0], [1, 99]]",0.9666666666666667,1.0,0.9830508474576272,0.9949748743718593,29,100,,
train,18,0.5,129,5,0,124,0.9919354838709677,"[[24, 0], [1, 99]]",0.96,1.0,0.9795918367346939,0.9949748743718593,24,100,,
train,18,1.0,129,10,1,119,1.0,"[[23, 0], [0, 96]]",1.0,1.0,1.0,1.0,23,96,,
train,18,2.0,129,20,1,109,1.0,"[[18, 0], [0, 91]]",1.0,1.0,1.0,1.0,18,91,,
train,2,0.0,129,0,0,129,0.9844961240310077,"[[59, 0], [2, 68]]",0.9672131147540983,1.0,0.9833333333333333,0.9855072463768116,59,70,,
train,2,0.5,129,4,0,125,0.984,"[[55, 0], [2, 68]]",0.9649122807017544,1.0,0.9821428571428571,0.9855072463768116,55,70,,
train,2,1.0,129,8,0,121,0.9834710743801653,"[[51, 0], [2, 68]]",0.9622641509433962,1.0,0.9807692307692307,0.9855072463768116,51,70,,
train,2,2.0,129,16,2,113,1.0,"[[47, 0], [0, 66]]",1.0,1.0,1.0,1.0,47,66,,
train,20,0.0,55,0,0,55,0.9454545454545454,"[[13, 1], [2, 39]]",0.8666666666666667,0.9285714285714286,0.896551724137931,0.9629629629629629,14,41,,
train,20,0.5,55,2,0,53,0.9433962264150944,"[[11, 1], [2, 39]]",0.8461538461538461,0.9166666666666666,0.88,0.9629629629629629,12,41,,
train,20,1.0,55,4,1,51,0.9607843137254902,"[[10, 0], [2, 39]]",0.8333333333333334,1.0,0.9090909090909091,0.975,10,41,,
train,20,2.0,55,8,2,47,0.9787234042553191,"[[8, 0], [1, 38]]",0.8888888888888888,1.0,0.9411764705882353,0.987012987012987,8,39,,
train,22,0.0,65,0,0,65,1.0,"[[36, 0], [0, 29]]",1.0,1.0,1.0,1.0,36,29,,
train,22,0.5,65,2,0,63,1.0,"[[34, 0], [0, 29]]",1.0,1.0,1.0,1.0,34,29,,
train,22,1.0,65,4,0,61,1.0,"[[32, 0], [0, 29]]",1.0,1.0,1.0,1.0,32,29,,
train,22,2.0,65,8,0,57,1.0,"[[30, 0], [0, 27]]",1.0,1.0,1.0,1.0,30,27,,
train,26,0.0,129,0,0,129,1.0,"[[129, 0], [0, 0]]",1.0,1.0,1.0,,129,0,,
train,26,0.5,129,0,0,129,1.0,"[[129, 0], [0, 0]]",1.0,1.0,1.0,,129,0,,
train,26,1.0,129,0,0,129,1.0,"[[129, 0], [0, 0]]",1.0,1.0,1.0,,129,0,,
train,26,2.0,129,0,0,129,1.0,"[[129, 0], [0, 0]]",1.0,1.0,1.0,,129,0,,
train,29,0.0,129,0,0,129,1.0,"[[17, 0], [0, 112]]",1.0,1.0,1.0,1.0,17,112,,
train,29,0.5,129,5,0,124,1.0,"[[12, 0], [0, 112]]",1.0,1.0,1.0,1.0,12,112,,
train,29,1.0,129,10,0,119,1.0,"[[7, 0], [0, 112]]",1.0,1.0,1.0,1.0,7,112,,
train,29,2.0,129,17,0,112,1.0,"[[5, 0], [0, 107]]",1.0,1.0,1.0,1.0,5,107,,
train,30,0.0,111,0,0,111,0.990990990990991,"[[17, 0], [1, 93]]",0.9444444444444444,1.0,0.9714285714285714,0.9946524064171123,17,94,,
train,30,0.5,111,4,0,107,0.9906542056074766,"[[13, 0], [1, 93]]",0.9285714285714286,1.0,0.9629629629629629,0.9946524064171123,13,94,,
train,30,1.0,111,8,1,103,1.0,"[[10, 0], [0, 93]]",1.0,1.0,1.0,1.0,10,93,,
train,30,2.0,111,14,1,97,1.0,"[[8, 0], [0, 89]]",1.0,1.0,1.0,1.0,8,89,,
train,31,0.0,129,0,0,129,1.0,"[[116, 0], [0, 13]]",1.0,1.0,1.0,1.0,116,13,,
train,31,0.5,129,1,0,128,1.0,"[[115, 0], [0, 13]]",1.0,1.0,1.0,1.0,115,13,,
train,31,1.0,129,2,0,127,1.0,"[[114, 0], [0, 13]]",1.0,1.0,1.0,1.0,114,13,,
train,31,2.0,129,4,0,125,1.0,"[[113, 0], [0, 12]]",1.0,1.0,1.0,1.0,113,12,,
train,32,0.0,129,0,0,129,0.9844961240310077,"[[25, 0], [2, 102]]",0.9259259259259259,1.0,0.9615384615384616,0.9902912621359223,25,104,,
train,32,0.5,129,5,0,124,0.9838709677419355,"[[20, 0], [2, 102]]",0.9090909090909091,1.0,0.9523809523809523,0.9902912621359223,20,104,,
train,32,1.0,129,10,0,119,0.9831932773109243,"[[16, 0], [2, 101]]",0.8888888888888888,1.0,0.9411764705882353,0.9901960784313726,16,103,,
train,32,2.0,129,20,1,109,0.9908256880733946,"[[11, 0], [1, 97]]",0.9166666666666666,1.0,0.9565217391304348,0.9948717948717949,11,98,,
train,35,0.0,129,0,0,129,0.9767441860465116,"[[15, 0], [3, 111]]",0.8333333333333334,1.0,0.9090909090909091,0.9866666666666667,15,114,,
train,35,0.5,129,5,0,124,0.9758064516129032,"[[10, 0], [3, 111]]",0.7692307692307693,1.0,0.8695652173913043,0.9866666666666667,10,114,,
train,35,1.0,129,10,0,119,0.9747899159663865,"[[5, 0], [3, 111]]",0.625,1.0,0.7692307692307693,0.9866666666666667,5,114,,
train,35,2.0,129,17,3,112,1.0,"[[3, 0], [0, 109]]",1.0,1.0,1.0,1.0,3,109,,
train,37,0.0,129,0,0,129,0.9844961240310077,"[[25, 2], [0, 102]]",1.0,0.9259259259259259,0.9615384615384616,0.9902912621359223,27,102,,
train,37,0.5,129,5,0,124,0.9838709677419355,"[[20, 2], [0, 102]]",1.0,0.9090909090909091,0.9523809523809523,0.9902912621359223,22,102,,
train,37,1.0,129,10,2,119,1.0,"[[19, 0], [0, 100]]",1.0,1.0,1.0,1.0,19,100,,
train,37,2.0,129,20,2,109,1.0,"[[14, 0], [0, 95]]",1.0,1.0,1.0,1.0,14,95,,
train,39,0.0,129,0,0,129,1.0,"[[36, 0], [0, 93]]",1.0,1.0,1.0,1.0,36,93,,
train,39,0.5,129,5,0,124,1.0,"[[31, 0], [0, 93]]",1.0,1.0,1.0,1.0,31,93,,
train,39,1.0,129,10,0,119,1.0,"[[27, 0], [0, 92]]",1.0,1.0,1.0,1.0,27,92,,
train,39,2.0,129,18,0,111,1.0,"[[24, 0], [0, 87]]",1.0,1.0,1.0,1.0,24,87,,
train,4,0.0,252,0,0,252,0.9761904761904762,"[[57, 1], [5, 189]]",0.9193548387096774,0.9827586206896551,0.95,0.984375,58,194,,
train,4,0.5,252,9,1,243,0.9794238683127572,"[[49, 0], [5, 189]]",0.9074074074074074,1.0,0.9514563106796117,0.9869451697127938,49,194,,
train,4,1.0,252,18,2,234,0.9829059829059829,"[[43, 0], [4, 187]]",0.9148936170212766,1.0,0.9555555555555556,0.9894179894179894,43,191,,
train,4,2.0,252,35,2,217,0.9815668202764977,"[[35, 0], [4, 178]]",0.8974358974358975,1.0,0.9459459459459459,0.9888888888888889,35,182,,
train,6,0.0,129,0,0,129,1.0,"[[96, 0], [0, 33]]",1.0,1.0,1.0,1.0,96,33,,
train,6,0.5,129,1,0,128,1.0,"[[95, 0], [0, 33]]",1.0,1.0,1.0,1.0,95,33,,
train,6,1.0,129,2,0,127,1.0,"[[94, 0], [0, 33]]",1.0,1.0,1.0,1.0,94,33,,
train,6,2.0,129,4,0,125,1.0,"[[93, 0], [0, 32]]",1.0,1.0,1.0,1.0,93,32,,
train,8,0.0,129,0,0,129,0.9844961240310077,"[[44, 1], [1, 83]]",0.9777777777777777,0.9777777777777777,0.9777777777777777,0.9880952380952381,45,84,,
train,8,0.5,129,4,0,125,0.984,"[[40, 1], [1, 83]]",0.975609756097561,0.975609756097561,0.975609756097561,0.9880952380952381,41,84,,
train,8,1.0,129,8,1,121,0.9917355371900827,"[[38, 0], [1, 82]]",0.9743589743589743,1.0,0.987012987012987,0.9939393939393939,38,83,,
train,8,2.0,129,16,2,113,1.0,"[[34, 0], [0, 79]]",1.0,1.0,1.0,1.0,34,79,,
train,9,0.0,129,0,0,129,1.0,"[[94, 0], [0, 35]]",1.0,1.0,1.0,1.0,94,35,,
train,9,0.5,129,1,0,128,1.0,"[[93, 0], [0, 35]]",1.0,1.0,1.0,1.0,93,35,,
train,9,1.0,129,2,0,127,1.0,"[[92, 0], [0, 35]]",1.0,1.0,1.0,1.0,92,35,,
train,9,2.0,129,4,0,125,1.0,"[[91, 0], [0, 34]]",1.0,1.0,1.0,1.0,91,34,,
validation,all,0.0,516,0,0,516,0.9961240310077519,"[[295, 0], [2, 219]]",0.9932659932659933,1.0,0.9966216216216216,0.9954545454545455,295,221,,
validation,all,0.5,516,12,0,504,0.996031746031746,"[[283, 0], [2, 219]]",0.9929824561403509,1.0,0.9964788732394366,0.9954545454545455,283,221,,
validation,all,1.0,516,24,1,492,0.9979674796747967,"[[274, 0], [1, 217]]",0.9963636363636363,1.0,0.9981785063752276,0.9977011494252873,274,218,,
validation,all,2.0,516,45,2,471,1.0,"[[265, 0], [0, 206]]",1.0,1.0,1.0,1.0,265,206,,
validation,19,0.0,129,0,0,129,1.0,"[[129, 0], [0, 0]]",1.0,1.0,1.0,,129,0,,
validation,19,0.5,129,0,0,129,1.0,"[[129, 0], [0, 0]]",1.0,1.0,1.0,,129,0,,
validation,19,1.0,129,0,0,129,1.0,"[[129, 0], [0, 0]]",1.0,1.0,1.0,,129,0,,
validation,19,2.0,129,0,0,129,1.0,"[[129, 0], [0, 0]]",1.0,1.0,1.0,,129,0,,
validation,27,0.0,129,0,0,129,0.9844961240310077,"[[21, 0], [2, 106]]",0.9130434782608695,1.0,0.9545454545454546,0.9906542056074766,21,108,,
validation,27,0.5,129,6,0,123,0.983739837398374,"[[15, 0], [2, 106]]",0.8823529411764706,1.0,0.9375,0.9906542056074766,15,108,,
validation,27,1.0,129,12,1,117,0.9914529914529915,"[[10, 0], [1, 106]]",0.9090909090909091,1.0,0.9523809523809523,0.9953051643192489,10,107,,
validation,27,2.0,129,23,2,106,1.0,"[[5, 0], [0, 101]]",1.0,1.0,1.0,1.0,5,101,,
validation,34,0.0,129,0,0,129,1.0,"[[119, 0], [0, 10]]",1.0,1.0,1.0,1.0,119,10,,
validation,34,0.5,129,1,0,128,1.0,"[[118, 0], [0, 10]]",1.0,1.0,1.0,1.0,118,10,,
validation,34,1.0,129,2,0,127,1.0,"[[118, 0], [0, 9]]",1.0,1.0,1.0,1.0,118,9,,
validation,34,2.0,129,4,0,125,1.0,"[[117, 0], [0, 8]]",1.0,1.0,1.0,1.0,117,8,,
validation,7,0.0,129,0,0,129,1.0,"[[26, 0], [0, 103]]",1.0,1.0,1.0,1.0,26,103,,
validation,7,0.5,129,5,0,124,1.0,"[[21, 0], [0, 103]]",1.0,1.0,1.0,1.0,21,103,,
validation,7,1.0,129,10,0,119,1.0,"[[17, 0], [0, 102]]",1.0,1.0,1.0,1.0,17,102,,
validation,7,2.0,129,18,0,111,1.0,"[[14, 0], [0, 97]]",1.0,1.0,1.0,1.0,14,97,,
