participant,split,observations,accuracy,transition_precision,transition_recall,transition_f1,clean_f1,confusion_matrix
0,train,129,0.9922480620155039,0.9873417721518988,1.0,0.9936305732484076,0.9900990099009901,"[[78, 0], [1, 50]]"
1,train,129,1.0,1.0,1.0,1.0,1.0,"[[92, 0], [0, 37]]"
11,train,59,0.9830508474576272,1.0,0.9629629629629629,0.9811320754716981,0.9846153846153847,"[[26, 1], [0, 32]]"
12,train,129,1.0,1.0,1.0,1.0,1.0,"[[32, 0], [0, 97]]"
13,train,129,0.9922480620155039,0.9714285714285714,1.0,0.9855072463768116,0.9947089947089947,"[[34, 0], [1, 94]]"
14,test,129,0.9844961240310077,1.0,0.96,0.9795918367346939,0.9875,"[[48, 2], [0, 79]]"
15,train,129,0.9689922480620154,0.9444444444444444,0.9444444444444444,0.9444444444444444,0.978494623655914,"[[34, 2], [2, 91]]"
18,train,129,0.9922480620155039,0.9666666666666667,1.0,0.9830508474576272,0.9949748743718593,"[[29, 0], [1, 99]]"
19,validation,129,1.0,1.0,1.0,1.0,0.0,"[[129, 0], [0, 0]]"
2,train,129,0.9844961240310077,0.9672131147540983,1.0,0.9833333333333333,0.9855072463768116,"[[59, 0], [2, 68]]"
20,train,55,0.9454545454545454,0.8666666666666667,0.9285714285714286,0.896551724137931,0.9629629629629629,"[[13, 1], [2, 39]]"
22,train,65,1.0,1.0,1.0,1.0,1.0,"[[36, 0], [0, 29]]"
26,train,129,1.0,1.0,1.0,1.0,0.0,"[[129, 0], [0, 0]]"
27,validation,129,0.9844961240310077,0.9130434782608695,1.0,0.9545454545454546,0.9906542056074766,"[[21, 0], [2, 106]]"
28,test,121,0.9338842975206612,0.8181818181818182,1.0,0.9,0.9506172839506173,"[[36, 0], [8, 77]]"
29,train,129,1.0,1.0,1.0,1.0,1.0,"[[17, 0], [0, 112]]"
30,train,111,0.990990990990991,0.9444444444444444,1.0,0.9714285714285714,0.9946524064171123,"[[17, 0], [1, 93]]"
31,train,129,1.0,1.0,1.0,1.0,1.0,"[[116, 0], [0, 13]]"
32,train,129,0.9844961240310077,0.9259259259259259,1.0,0.9615384615384616,0.9902912621359223,"[[25, 0], [2, 102]]"
33,test,129,0.40310077519379844,0.40625,0.9811320754716981,0.574585635359116,0.0,"[[52, 1], [76, 0]]"
34,validation,129,1.0,1.0,1.0,1.0,1.0,"[[119, 0], [0, 10]]"
35,train,129,0.9767441860465116,0.8333333333333334,1.0,0.9090909090909091,0.9866666666666667,"[[15, 0], [3, 111]]"
37,train,129,0.9844961240310077,1.0,0.9259259259259259,0.9615384615384616,0.9902912621359223,"[[25, 2], [0, 102]]"
38,test,129,0.9844961240310077,0.8823529411764706,1.0,0.9375,0.9911504424778761,"[[15, 0], [2, 112]]"
39,train,129,1.0,1.0,1.0,1.0,1.0,"[[36, 0], [0, 93]]"
4,train,252,0.9761904761904762,0.9193548387096774,0.9827586206896551,0.95,0.984375,"[[57, 1], [5, 189]]"
6,train,129,1.0,1.0,1.0,1.0,1.0,"[[96, 0], [0, 33]]"
7,validation,129,1.0,1.0,1.0,1.0,1.0,"[[26, 0], [0, 103]]"
8,train,129,0.9844961240310077,0.9777777777777777,0.9777777777777777,0.9777777777777777,0.9880952380952381,"[[44, 1], [1, 83]]"
9,train,129,1.0,1.0,1.0,1.0,1.0,"[[94, 0], [0, 35]]"
