clean_threshold,observations,accuracy,transition_precision,transition_recall,transition_f1,clean_f1,confusion_matrix
0.65,15601,0.9899365425293251,0.9860443834362846,0.9959560947429231,0.9909754555383112,0.988627308946034,"[[8620, 35], [122, 6824]]"
0.7,15601,0.9898724440740978,0.9852655625356939,0.9966493356441364,0.990924755887421,0.9885440835266821,"[[8626, 29], [129, 6817]]"
0.75,15601,0.9896801487084161,0.9841541267669859,0.9974581166955517,0.9907614620990417,0.9883121597096188,"[[8633, 22], [139, 6807]]"
0.8,15601,0.9896160502531889,0.9830508474576272,0.9984979780473715,0.9907142038289579,0.9882233207327712,"[[8642, 13], [149, 6797]]"
0.6,15601,0.9895519517979616,0.9870383115393438,0.9942229924898902,0.9906176250503655,0.9882131752115121,"[[8605, 50], [113, 6833]]"
0.45,15601,0.9890391641561438,0.989386248269497,0.9908723281340266,0.9901287305893899,0.9876792276100583,"[[8576, 79], [92, 6854]]"
0.5,15601,0.9888468687904621,0.9884805897938026,0.9914500288850375,0.9899630826026765,0.9874513197749892,"[[8581, 74], [100, 6846]]"
0.4,15601,0.9887827703352349,0.9899468453894154,0.9898324667822068,0.9898896527817899,0.987403728496365,"[[8567, 88], [87, 6859]]"
0.55,15601,0.9887186718800077,0.9875790684301322,0.9921432697862507,0.9898559077809799,0.9872942535373953,"[[8587, 68], [108, 6838]]"
0.35,15601,0.9885904749695532,0.9905103575975003,0.9889081455805893,0.9897086031452359,0.9871997698835036,"[[8559, 96], [82, 6864]]"
0.3,15601,0.9883981796038716,0.9913033395176253,0.9877527440785673,0.9895248567625441,0.9869999281763988,"[[8549, 106], [75, 6871]]"
